client,type_order,date_delivery,date_register
Mr Pratik Skaggs,paisagem,2022-02-28,2022-02-02
Mr Uehudah Hack,logo,2022-02-12,2022-02-01
Mr Edison Drye,personagem,2022-02-22,2022-02-01
Ms Mihoko Scholl,paisagem,2022-02-12,2022-02-01
Mr Ajani Harding,design,2022-02-22,2022-02-01
Ms Ruthie Coco,caricatura,2022-02-12,2022-02-01
Mr Orazio Hart,logo,2022-02-16,2022-01-28
Ms Vinaya Justus,design,2022-02-08,2022-02-02
Mr Tristan Karns,design,2022-02-12,2022-01-28
Ms Ardath Enriquez,design,2022-02-22,2022-02-05
Ms Usagi Denny,personagem,2022-02-12,2022-01-28
Ms Sevita Hershberger,paisagem,2022-02-22,2022-02-01
Ms Carnation Dingman,caricatura,2022-02-16,2022-01-23
Mr Niven Glaser,paisagem,2022-02-16,2022-02-01
Mr Derwyn Devers,logo,2022-02-12,2022-02-01
Ms Rossa Fanning,caricatura,2022-02-12,2022-02-05
Mr Tod Phan,logo,2022-02-12,2022-01-23
Mr Eddie Hulse,caricatura,2022-02-22,2022-01-28
Mr Welford Yepez,paisagem,2022-02-08,2022-01-23
Mr Rishley Snyder,caricatura,2022-02-22,2022-01-28
Mr Milo Mccurdy,personagem,2022-02-28,2022-02-02
Ms Sammi Zepeda,personagem,2022-02-16,2022-02-01
Ms Romaine Dingman,personagem,2022-02-16,2022-01-23
Ms Almeda Hack,caricatura,2022-02-08,2022-02-02
Ms Colette Hon,personagem,2022-02-28,2022-02-02
Mr Carden Justus,paisagem,2022-02-28,2022-02-01
Mr Carlyon Gorby,logo,2022-02-22,2022-02-02
Mr Mungo Spangler,personagem,2022-02-12,2022-01-23
Ms Berwyn Philip,caricatura,2022-02-28,2022-01-28
Ms Helen Messinger,personagem,2022-02-16,2022-02-05
Mr Whitmore Squires,caricatura,2022-02-16,2022-02-02
Ms Sunita Poulos,paisagem,2022-02-28,2022-01-28
Ms Sevita Poulos,paisagem,2022-02-22,2022-01-28
Mr Pedrog Mccurdy,logo,2022-02-28,2022-01-23
Mr Ridgley Leo,personagem,2022-02-08,2022-01-28
Ms Scarlet Barnwell,caricatura,2022-02-12,2022-02-01
Mr Bolton Tarin,caricatura,2022-02-16,2022-01-28
Ms Sevati Zepeda,caricatura,2022-02-16,2022-02-01
Mr Edison Loy,design,2022-02-22,2022-01-23
Ms Vivien Ledoux,caricatura,2022-02-28,2022-02-05
Mr Delling Herndon,caricatura,2022-02-22,2022-02-01
Ms Dysis Fish,logo,2022-02-22,2022-01-23
Ms Sherry Fodor,design,2022-02-28,2022-01-28
Ms Delanna Bowser,caricatura,2022-02-28,2022-01-23
Mr Senichi Iorio,personagem,2022-02-28,2022-02-02
Ms Angela Denny,paisagem,2022-02-16,2022-01-28
Mr Albin Kerner,caricatura,2022-02-16,2022-02-02
Ms Janna Ying,caricatura,2022-02-08,2022-02-02
Mr Jivin Justus,design,2022-02-12,2022-02-02
Mr Clement Fleisher,personagem,2022-02-12,2022-01-23
